record_id,product_code,source_sheet,source_row,remarks
"pneumatiques-6","TL-01-A","Quotation","5","Dayan"
"pneumatiques-7","TL-01-B","Quotation","6","A1155"
"pneumatiques-8","TL-01-C","Quotation","7","B0553"
"pneumatiques-9","TL-02-A","Quotation","8","Brand: DURO; Product code: 42710-90-90-10-DURO"
"pneumatiques-10","TL-02-B","Quotation","9","A1138 Minlong"
"pneumatiques-11","TL-02-C","Quotation","10","B0553"
"pneumatiques-12","TL-03-B","Quotation","12",""
"pneumatiques-13","TL-03-C","Quotation","13","B0553"
"pneumatiques-14","TL-04-A","Quotation","14","Brand: DURO; Product code: 42710-100-90-10-DURO"
"pneumatiques-15","TL-04-B","Quotation","15","A1138 Minlong"
"pneumatiques-16","TL-04-C","Quotation","16","B0553"
"pneumatiques-17","TL-05-A","Quotation","17","Brand: DURO; Product code: 42710-100-90-10-DURO"
"pneumatiques-18","TL-05-B","Quotation","18","Dayan"
"pneumatiques-19","TL-05-C","Quotation","19","B0553"
"pneumatiques-20","TL-06-A","Quotation","20","Brand: DURO"
"pneumatiques-21","TL-06-B","Quotation","21","A1138 Minlong"
"pneumatiques-22","TL-06-C","Quotation","22","B0553"
"pneumatiques-23","TL-07-A","Quotation","23","Brand: DURO"
"pneumatiques-24","TL-07-B","Quotation","24","A1138 Minlong"
"pneumatiques-25","TL-07-C","Quotation","25","B0553"
"pneumatiques-26","TL-08-A","Quotation","26","A1138 Minlong"
"pneumatiques-27","TL-08-B","Quotation","27","B0553"
"pneumatiques-28","TL-08-C","Quotation","28",""
"pneumatiques-29","TL-09-B","Quotation","30","A1138 Minlong Tire"
"pneumatiques-30","TL-09-C","Quotation","31","A1155"
"pneumatiques-31","TL-10-B","Quotation","33","A1155"
"pneumatiques-32","TL-10-C","Quotation","34","B0553"
"pneumatiques-33","TL-11-B","Quotation","36","A1138 Minlong Tire"
"pneumatiques-34","TL-11-C","Quotation","37","A1155"
"pneumatiques-35","TL-12-A","Quotation","38","Brand: DURO; Product code: 42710-130-70-13-DURO"
"pneumatiques-36","TL-12-B","Quotation","39","A1138 Minlong Tire"
"pneumatiques-37","TL-12-C","Quotation","40","B0553"
"pneumatiques-38","TL-13-A","Quotation","41","A1138 Minlong Tire"
"pneumatiques-39","TL-13-B","Quotation","42","B0553"
"pneumatiques-40","TL-13-C","Quotation","43",""
"pneumatiques-41","TL-14-B","Quotation","45",""
"pneumatiques-42","TL-15-A","Quotation","47","A1138 Minlong Tire"
"pneumatiques-43","TL-15-B","Quotation","48","A1155"
"pneumatiques-44","TL-15-C","Quotation","49","B0553"
"pneumatiques-45","TL-16-A","Quotation","50","A0088"
"pneumatiques-46","TL-16-B","Quotation","51","A1138 Minlong Tire"
"pneumatiques-47","TL-16-C","Quotation","52","B0553: tubeless tire 44; standard tire 37."
"pneumatiques-48","TL-18-B","Quotation","57","A1155"
"pneumatiques-49","TL-18-C","Quotation","58","B0553"
"pneumatiques-50","TL-19-A","Quotation","59","Brand: DURO; Product code: 42710-120-70-12-DURO"
"pneumatiques-51","TL-19-B","Quotation","60","Dayan"
"pneumatiques-52","TL-19-C","Quotation","61","B0553"
"pneumatiques-53","TL-20-A","Quotation","62","Brand: DURO; Product code: 42710-130-70-12-DURO"
"pneumatiques-54","TL-20-B","Quotation","63","B0553"
"pneumatiques-55","TL-20-C","Quotation","64","A1155"
"pneumatiques-56","TL-21-A","Quotation","65","A0088"
"pneumatiques-57","TL-21-B","Quotation","66","A1138 Minlong Tire"
"pneumatiques-58","TL-21-C","Quotation","67","B0553"
"pneumatiques-59","TL-22-A","Quotation","68",""
"pneumatiques-60","TL-22-B","Quotation","69","B0553"
"pneumatiques-61","TL-22-C","Quotation","70","A1155"
"pneumatiques-62","TL-23-B","Quotation","72",""
"pneumatiques-63","TL-23-C","Quotation","73","B0553"
"pneumatiques-64","TL-24-B","Quotation","75","B0553"
"pneumatiques-65","TL-24-C","Quotation","76","A1155"
"pneumatiques-66","TL-25-A","Quotation","77","A0088"
"pneumatiques-67","TL-25-B","Quotation","78","A1155"
"pneumatiques-68","TL-25-C","Quotation","79","B0553"
"pneumatiques-69","TL-26-B","Quotation","81","A1154"
"pneumatiques-70","TL-26-C","Quotation","82","A1155"
"pneumatiques-71","TL-27-A","Quotation","83","A1138 Minlong Tire"
"pneumatiques-72","TL-27-B","Quotation","84","A1155"
"pneumatiques-73","TL-27-C","Quotation","85","B0553"
"pneumatiques-74","TT-17-A","Quotation","53","A0088"
"pneumatiques-75","TT-17-B","Quotation","54","A1138 Minlong Tire"
"pneumatiques-76","TT-17-C","Quotation","55",""