record_id,target_code,target_name,category_id,category_name_zh,quota_unit_code,weight_kg_per_item,source_code,source_name,match_method,code_match_quality,similarity,gross_weight,ctn,source_sheet,source_row,source_spec,source_same_license_category,source_is_license_catalog,source_has_sym,category_term_match,target_subtype,subtype_match,selection_score,review_status,ambiguity_note,second_source_code,second_selection_score,current_site_weight_kg,current_site_weight_source,difference_vs_current_pct
plaquettes-de-frein-6,43105-ARB-ZFZK,后刹车皮/后碟刹皮,plaquettes-de-frein,刹车片,kg,0.215,43120-ZY-DL,后刹车皮,fuzzy_name_reference,none,0.831667,12.9,60.0,sheet1,4766,,True,True,False,True,,False,0.996667,ambiguous,top two fuzzy candidates are close but weights differ,4312A-H1A-ZFZK,0.996667,,unknown,
plaquettes-de-frein-9,45150-FA298-FC,刹车皮/后碟刹皮,plaquettes-de-frein,刹车片,kg,0.215,43120-ZY-DL,后刹车皮,fuzzy_name_reference,none,0.852273,12.9,60.0,sheet1,4766,,True,True,False,True,,False,1.017273,ambiguous,top two fuzzy candidates are close but weights differ,4312A-H1A-ZFZK,1.017273,,unknown,
plaquettes-de-frein-18,45120-CBR-FC,后刹车皮 碟刹 FA140,plaquettes-de-frein,刹车片,kg,0.159,43105-FA174-PT,刹车皮 碟刹,fuzzy_name_reference,none,0.725762,15.9,100.0,sheet1,7335,FA174,False,False,False,True,,False,0.815762,ambiguous,top two fuzzy candidates are close but weights differ,45105-LFC2-FA305-PTA,0.8055,,unknown,
radiateurs-13,19610-F6A-PT,风叶盖,radiateurs,散热器,kg,0.13,19610-FID-FC,风叶盖,fuzzy_name_reference,none,1.0,13.0,100.0,sheet1,3001,,True,True,False,False,,False,1.005,ambiguous,top two fuzzy candidates are close but weights differ,19610-FOX-PT,1.005,,unknown,
radiateurs-14,1962A-F6A-PT,罩盖A+B,radiateurs,散热器,kg,0.2,19621-GY50-FC,罩盖AB,fuzzy_name_reference,none,1.0,10.0,50.0,sheet1,3013,,False,False,False,False,,False,0.93,ambiguous,top two fuzzy candidates are close but weights differ,19621-FID150-PTSYM,0.92,,unknown,
radiateurs-19,22102-XTA-XS-SYM,驱动盘风叶(铝叶),radiateurs,散热器,kg,0.1875,22102-YMH100-ZC,驱动盘叶(铝叶),fuzzy_name_reference,none,0.822894,7.5,40.0,sheet1,3088,,False,False,False,False,,False,0.752894,fuzzy_low,,2211A-KV7-SQ,0.59513,,unknown,
cylindres-et-carters-8,12100-A61-PTSY,汽缸150/宁缸,cylindres-et-carters,气缸及曲轴箱,kg,1.675,12100-A61-PTSY-A,汽缸150/金缸,fuzzy_name_reference,none,0.792857,20.1,12.0,sheet1,7369,,True,True,False,False,,False,0.797857,fuzzy_low,,1210A-B9A-PT,0.622952,,unknown,
cylindres-et-carters-15,1210A-XJA-PT,套缸,cylindres-et-carters,气缸及曲轴箱,kg,1.641666666667,1210A-A61-PT,套缸,fuzzy_name_reference,none,1.0,19.7,12.0,sheet1,1817,,True,True,False,False,,False,1.005,ambiguous,top two fuzzy candidates are close but weights differ,1210A-GY150-FC,1.005,,unknown,
cylindres-et-carters-37,11100-F6A-XS-SYM,右曲轴箱,cylindres-et-carters,气缸及曲轴箱,kg,1.85,1110A-ZY100T-ZC,右曲轴箱,fuzzy_name_reference,none,1.0,7.4,4.0,sheet1,1597,,True,True,False,True,,False,1.165,ambiguous,top two fuzzy candidates are close but weights differ,11100-ARA-PT,1.165,,unknown,
cylindres-et-carters-41,12100-HLB-FC,套缸,cylindres-et-carters,气缸及曲轴箱,kg,1.641666666667,1210A-A61-PT,套缸,fuzzy_name_reference,none,1.0,19.7,12.0,sheet1,1817,,True,True,False,False,,False,1.005,ambiguous,top two fuzzy candidates are close but weights differ,1210A-GY150-FC,1.005,,unknown,
chaines-de-distribution-6,14401-V02-HJ,时规链/90节/不保,chaines-de-distribution,正时链条,kg,0.12,14401-LZC-XS-SYM,时规链/98节,fuzzy_name_reference,none,0.599524,1.2,10.0,sheet1,993,2*3*98,False,False,True,True,,False,0.679524,ambiguous,top two fuzzy candidates are close but weights differ,14401-PGT-PT,0.678312,,unknown,
chaines-de-distribution-7,14401-KV7-HJ,时规链/94节/不保,chaines-de-distribution,正时链条,kg,0.12,14401-LZC-XS-SYM,时规链/98节,fuzzy_name_reference,none,0.599524,1.2,10.0,sheet1,993,2*3*98,False,False,True,True,,False,0.679524,ambiguous,top two fuzzy candidates are close but weights differ,14401-PGT-PT,0.678312,,unknown,
chaines-de-distribution-11,14401-KV7-ML,时规链/94节,chaines-de-distribution,正时链条,kg,0.756,14401-PGT-PT,时规链,fuzzy_name_reference,none,0.654667,18.9,25.0,sheet1,551,"链号415,106节",False,False,False,True,,False,0.744667,ambiguous,top two fuzzy candidates are close but weights differ,14401-LZC-XS-SYM,0.740952,,unknown,
pignons-et-chaines-13,40530-415H-108-PT,大链条,pignons-et-chaines,链轮及链条,kg,0.36,B1440-002-FC,链条,fuzzy_name_reference,none,0.822,18.0,50.0,sheet1,831,1/2*1/8*114l,False,False,False,True,,False,0.912,ambiguous,top two fuzzy candidates are close but weights differ,B1440-001-FC,0.912,,unknown,
jantes-9,42601-ABA-XS-SYM,后轮圈/后轮总3.5x12,jantes,轮辋,kg,2.06,42601-ASC-PT,后轮圈,fuzzy_name_reference,none,0.534603,10.3,5.0,sheet1,815,,True,True,False,True,,False,0.699603,ambiguous,top two fuzzy candidates are close but weights differ,44601-ABA-XS-SYM,0.692494,,unknown,
jantes-25,42601-X3A-PT,后轮总成 铝 大孔 APA200,jantes,轮辋,kg,3.6,42650-F8-PT,后轮总成 不含轮毂,fuzzy_name_reference,none,0.340774,10.8,3.0,sheet1,4626,不含刹车轮毂,True,True,False,True,后轮总成,True,0.645774,fuzzy_low,,42601-F6C-XS-SYM,0.615,,unknown,
jantes-29,42601-X9A-PT,后轮总成,jantes,轮辋,kg,3.6,42650-F8-PT,后轮总成 不含轮毂,fuzzy_name_reference,none,0.760952,10.8,3.0,sheet1,4626,不含刹车轮毂,True,True,False,True,后轮总成,True,1.065952,ambiguous,top two fuzzy candidates are close but weights differ,42601-F6C-XS-SYM,1.06,,unknown,
jantes-35,44650-VMAX-PT,前轮总成,jantes,轮辋,kg,3.25,44650-N10-PT,前轮总成,fuzzy_name_reference,none,1.0,13.0,4.0,sheet1,7027,,True,True,False,False,前轮总成,True,1.145,ambiguous,top two fuzzy candidates are close but weights differ,44601-XPA-XS-SYM,1.135,,unknown,
jantes-36,61100-N9-PTSP,前土除 前轮泥板 水印蛇皮,jantes,轮辋,kg,0.415,61100-N9-PT,前土除 前轮泥板 普通色,fuzzy_name_reference,none,0.666205,8.3,20.0,sheet1,5946,,True,True,False,False,,False,0.671205,fuzzy_low,,61100-X8A-XS-SYM,0.611429,,unknown,
jantes-42,44650-F8-PT,前轮总成,jantes,轮辋,kg,3.25,44650-N10-PT,前轮总成,fuzzy_name_reference,none,1.0,13.0,4.0,sheet1,7027,,True,True,False,False,前轮总成,True,1.145,ambiguous,top two fuzzy candidates are close but weights differ,44601-XPA-XS-SYM,1.135,,unknown,
jantes-46,44601-XFA-XS-SYM-SI,前轮总成 配凹凸碟,jantes,轮辋,kg,3.25,44650-N10-PT,前轮总成,fuzzy_name_reference,none,0.760952,13.0,4.0,sheet1,7027,,True,True,False,False,前轮总成,True,0.905952,ambiguous,top two fuzzy candidates are close but weights differ,44601-XPA-XS-SYM,0.895952,,unknown,
galets-et-rouleaux-7,22121-M9B-FBD,离合珠13G/6个 14*18,galets-et-rouleaux,滚子及滚轮,kg,0.09,22121-HKE-HZ,离合珠/ 弘正,fuzzy_name_reference,none,0.652222,9.0,100.0,sheet1,758,14*18,True,True,False,True,,False,0.817222,ambiguous,top two fuzzy candidates are close but weights differ,22121-HKE-FC,0.817222,,unknown,
cables-et-durites-22,44830-ABA-PT,米线/碟刹 管长98,cables-et-durites,拉索及软管,kg,0.208,44830-APA-PT,碟米线 管长98CM,fuzzy_name_reference,none,0.675,20.8,100.0,sheet1,4931,,True,True,False,False,,False,0.68,fuzzy_low,,44830-5HK-ZC,0.45625,,unknown,
cables-et-durites-23,45127-220-000,刹车油管/220,cables-et-durites,拉索及软管,kg,0.12,43124-XMA-PT75,后刹车油管A,fuzzy_name_reference,none,0.518397,12.0,100.0,sheet1,4784,,False,False,False,True,,False,0.608397,fuzzy_low,,43125-XMA-PT138,0.608397,,unknown,
vis-boulons-et-bagues-7,50523-YMH-FC-M1,大脚架螺丝/带衬套/1丝1帽,vis-boulons-et-bagues,螺钉、螺栓及衬套,kg,0.02088,1831A-5WB-6_-2PCS-FC,排气管1螺丝+1螺帽\6#,fuzzy_name_reference,none,0.342677,26.1,1250.0,sheet1,2951,,True,True,False,True,,False,0.507677,fuzzy_low,,1831A-7_-2PCS-FC,0.507677,,unknown,
vis-boulons-et-bagues-10,90201-10_-ZC,驱动轴螺帽 螺母10mm*1,vis-boulons-et-bagues,螺钉、螺栓及衬套,kg,0.0143,94050-M9Q-FC-12_,短螺母/12#,fuzzy_name_reference,none,0.348762,14.3,1000.0,sheet1,6786,,True,True,False,False,螺帽,True,0.493762,ambiguous,top two fuzzy candidates are close but weights differ,90304-XJA-XS-SYM,0.490198,,unknown,
vis-boulons-et-bagues-11,90105-KR3-FC,刹车碟螺丝/短,vis-boulons-et-bagues,螺钉、螺栓及衬套,kg,0.061377245509,42611-3J3-PT,后轮毂螺丝,fuzzy_name_reference,none,0.387136,20.5,334.0,sheet1,4618,,True,True,False,True,,False,0.552136,ambiguous,top two fuzzy candidates are close but weights differ,90112-KCW-FC,0.538333,,unknown,
vis-boulons-et-bagues-16,9580A-06095-06100-06030,六角缘面螺旋栓6*100两 6*30两 6*95陆,vis-boulons-et-bagues,螺钉、螺栓及衬套,kg,0.135,11102-FY100-ZC,引擎吊架衬套（中轴套）,fuzzy_name_reference,none,0.274545,27.0,200.0,sheet1,1580,内孔方30*30*10,False,False,False,True,,False,0.364545,ambiguous,top two fuzzy candidates are close but weights differ,96001-06050-PT,0.346908,,unknown,
vis-boulons-et-bagues-18,94050-5WB-PT,曲轴螺帽12#,vis-boulons-et-bagues,螺钉、螺栓及衬套,kg,0.0143,94050-M9Q-FC-12_,短螺母/12#,fuzzy_name_reference,none,0.516955,14.3,1000.0,sheet1,6786,,True,True,False,False,螺帽,True,0.661955,fuzzy_low,,90304-XJA-XS-SYM,0.579714,,unknown,
vis-boulons-et-bagues-20,50306-GY6-FC,主杆螺帽,vis-boulons-et-bagues,螺钉、螺栓及衬套,kg,0.027,12361-FID-FC-A,放油螺帽(机油盖)加长,fuzzy_name_reference,none,0.396615,2.7,100.0,sheet1,1997,,True,True,False,True,螺帽,True,0.701615,fuzzy_low,,12361-M9Q-FC-M,0.637778,,unknown,
pistons-7,13101-A61-PT,活塞 57.4-0.8-0.8-2,pistons,活塞,kg,0.209,13101-CG150-ML,活塞,fuzzy_name_reference,none,0.480833,20.9,100.0,sheet1,2148,,True,True,False,True,活塞,True,0.785833,ambiguous,top two fuzzy candidates are close but weights differ,13101-GY6-FC,0.785833,,unknown,
pistons-9,13101-A6A-PTSY,活塞57.4 1310A-AJE-0001,pistons,活塞,kg,0.209,13101-CG150-ML,活塞,fuzzy_name_reference,none,0.426246,20.9,100.0,sheet1,2148,,True,True,False,True,活塞,True,0.731246,ambiguous,top two fuzzy candidates are close but weights differ,13101-GY6-FC,0.731246,,unknown,
pistons-13,13101-FY100-51-FCKG,活塞 51-1-1-2扩缸,pistons,活塞,kg,0.209,13101-CG150-ML,活塞,fuzzy_name_reference,none,0.495065,20.9,100.0,sheet1,2148,,True,True,False,True,活塞,True,0.800065,ambiguous,top two fuzzy candidates are close but weights differ,13101-GY6-FC,0.800065,,unknown,
pistons-14,13101-FY100-49-FC,活塞 49-1-1-2,pistons,活塞,kg,0.209,13101-CG150-ML,活塞,fuzzy_name_reference,none,0.527778,20.9,100.0,sheet1,2148,,True,True,False,True,活塞,True,0.832778,ambiguous,top two fuzzy candidates are close but weights differ,13101-GY6-FC,0.832778,,unknown,
pistons-19,13101-FY100-50-FC_100,活塞 50-1-1-2,pistons,活塞,kg,0.209,13101-CG150-ML,活塞,fuzzy_name_reference,none,0.527778,20.9,100.0,sheet1,2148,,True,True,False,True,活塞,True,0.832778,ambiguous,top two fuzzy candidates are close but weights differ,13101-GY6-FC,0.832778,,unknown,
pistons-21,13101-XJA-PT,活塞 STD,pistons,活塞,kg,0.209,13101-CG150-ML,活塞,fuzzy_name_reference,none,0.689286,20.9,100.0,sheet1,2148,,True,True,False,True,活塞,True,0.994286,ambiguous,top two fuzzy candidates are close but weights differ,13101-GY6-FC,0.994286,,unknown,
pistons-26,13101-ARA-PTSYM,活塞,pistons,活塞,kg,0.209,13101-CG150-ML,活塞,fuzzy_name_reference,none,1.0,20.9,100.0,sheet1,2148,,True,True,False,True,活塞,True,1.305,ambiguous,top two fuzzy candidates are close but weights differ,13101-GY6-FC,1.305,,unknown,
pistons-29,13101-A61-XS-SYM,活塞 57.4*0.8,pistons,活塞,kg,0.209,13101-CG150-ML,活塞,fuzzy_name_reference,none,0.507429,20.9,100.0,sheet1,2148,,True,True,False,True,活塞,True,0.812429,ambiguous,top two fuzzy candidates are close but weights differ,13101-GY6-FC,0.812429,,unknown,
pistons-35,13101-XJA-XS-SYM,活塞 STD,pistons,活塞,kg,0.209,13101-CG150-ML,活塞,fuzzy_name_reference,none,0.689286,20.9,100.0,sheet1,2148,,True,True,False,True,活塞,True,0.994286,ambiguous,top two fuzzy candidates are close but weights differ,13101-GY6-FC,0.994286,,unknown,
roulements-a-billes-14,96100-62040-AOF,轴承6204,roulements-a-billes,滚珠轴承,kg,0.426,90911-6200-FC,轴承6200,fuzzy_name_reference,none,0.713333,21.3,50.0,sheet1,6711,,True,True,False,True,,False,0.878333,ambiguous,top two fuzzy candidates are close but weights differ,90912-6205-FC,0.878333,,unknown,
joints-et-rondelles-10,1225A-GR150-PT,上下垫片,joints-et-rondelles,密封垫及垫圈,kg,0.028,1225A-CF150-PT,上下垫片,fuzzy_name_reference,none,1.0,28.0,1000.0,sheet1,6906,,False,False,False,True,垫片,True,1.23,ambiguous,top two fuzzy candidates are close but weights differ,1225A-AMA-HT,1.23,,unknown,
joints-et-rondelles-12,004-WY125-FC,前叉油封(31*43),joints-et-rondelles,密封垫及垫圈,kg,0.0418,004-ZJ-27_39,前叉油封/27*39,fuzzy_name_reference,none,0.442988,20.9,500.0,sheet1,1388,27*39,False,False,False,True,前叉油封,True,0.672988,fuzzy_low,,004-27_37-FC,0.416136,,unknown,
joints-et-rondelles-24,1225A-A31-PT,上下垫片,joints-et-rondelles,密封垫及垫圈,kg,0.028,1225A-CF150-PT,上下垫片,fuzzy_name_reference,none,1.0,28.0,1000.0,sheet1,6906,,False,False,False,True,垫片,True,1.23,ambiguous,top two fuzzy candidates are close but weights differ,1225A-AMA-HT,1.23,,unknown,
joints-et-rondelles-32,91203-A6A-NAK,后轴油封34*52*8,joints-et-rondelles,密封垫及垫圈,kg,0.041,91201-HHA-FC,全车油封,fuzzy_name_reference,none,0.487952,20.5,500.0,sheet1,6943,"19.8    20*32,25*40,34*52*8",True,True,False,True,后轴油封,False,0.412952,fuzzy_low,,004-27_37-FC,0.391615,,unknown,
joints-et-rondelles-33,91205-FX100-ZC,油封17*28*5.5,joints-et-rondelles,密封垫及垫圈,kg,0.014,004-27_37-FC,油封,fuzzy_name_reference,none,0.477778,28.0,2000.0,sheet1,536,27*37*10.5,True,True,False,True,油封,True,0.782778,fuzzy_low,,004-FX100-ZC,0.755432,,unknown,
joints-et-rondelles-34,91206-26_48_7-FC,26*48*7后轴油封,joints-et-rondelles,密封垫及垫圈,kg,0.014,004-27_37-FC,油封,fuzzy_name_reference,none,0.466615,28.0,2000.0,sheet1,536,27*37*10.5,True,True,False,True,后轴油封,False,0.391615,fuzzy_low,,004-FX100-ZC,0.335558,,unknown,
joints-et-rondelles-38,004-30_40.5-FC,30*40.5*10.5前叉油封,joints-et-rondelles,密封垫及垫圈,kg,0.0418,004-ZJ-27_39,前叉油封/27*39,fuzzy_name_reference,none,0.366315,20.9,500.0,sheet1,1388,27*39,False,False,False,True,前叉油封,True,0.596315,fuzzy_low,,004-30_42-PT,0.521939,,unknown,
joints-et-rondelles-40,11210-FID150-PT,大修垫,joints-et-rondelles,密封垫及垫圈,kg,0.1135,11210-DY100-FC,大修垫,fuzzy_name_reference,none,1.0,22.7,200.0,sheet1,1645,,True,True,False,False,,False,1.005,ambiguous,top two fuzzy candidates are close but weights differ,11210-GY150-FC,1.005,,unknown,
joints-et-rondelles-48,1225A-KBE-PT,中修垫/上下垫58mm,joints-et-rondelles,密封垫及垫圈,kg,0.0182,11220-ZF150-FC,中修垫,fuzzy_name_reference,none,0.545812,18.2,1000.0,sheet1,1723,,True,True,False,False,,False,0.550812,ambiguous,top two fuzzy candidates are close but weights differ,1225A-CF150-PT,0.534714,,unknown,
cles-et-serrures-19,35010-XGD-XS-SYM,套锁（3R-4),cles-et-serrures,钥匙及锁具,kg,0.662,35010-VMAX-NEW,套锁,fuzzy_name_reference,none,0.589286,33.1,50.0,sheet1,1085,,True,True,False,True,,False,0.754286,ambiguous,top two fuzzy candidates are close but weights differ,35010-CRL-PT,0.754286,,unknown,
cles-et-serrures-23,35100-XMAX-PT,电门锁,cles-et-serrures,钥匙及锁具,kg,0.493333333333,35010-F6C-PT,电门锁,fuzzy_name_reference,none,1.0,14.8,30.0,sheet1,323,,True,True,False,True,,False,1.165,ambiguous,top two fuzzy candidates are close but weights differ,35100-CRL-PT,1.165,,unknown,
cles-et-serrures-25,D3501-001-YC,套锁,cles-et-serrures,钥匙及锁具,kg,0.662,35010-VMAX-NEW,套锁,fuzzy_name_reference,none,1.0,33.1,50.0,sheet1,1085,,True,True,False,True,,False,1.165,ambiguous,top two fuzzy candidates are close but weights differ,35010-CRL-PT,1.165,,unknown,
